{
  "na": 2,
  "nb": 2,
  "nk": 1,
  "u_col": "sent_per_sec_reported",
  "y_col": "y_lat_p99_sec",
  "ridge": 1e-10,
  "rmse_sec": 0.0019524485562184071,
  "a": [
    -0.9970984644213946,
    -0.002653556929631113
  ],
  "b": [
    2.4854659545850594e-07,
    9.012810495110625e-08
  ],
  "n_used": 388,
  "maxlag": 2
}